PostalCode,City,FederalState
01067,Dresden,Sachsen
01069,Dresden,Sachsen
01097,Dresden,Sachsen
01099,Dresden,Sachsen
01108,Dresden,Sachsen
01109,Dresden,Sachsen
01127,Dresden,Sachsen
01129,Dresden,Sachsen
01139,Dresden,Sachsen
01156,Dresden,Sachsen
01157,Dresden,Sachsen
01159,Dresden,Sachsen
01169,Dresden,Sachsen
01187,Dresden,Sachsen
01189,Dresden,Sachsen
01217,Dresden,Sachsen
01219,Dresden,Sachsen
01237,Dresden,Sachsen
01239,Dresden,Sachsen
01257,Dresden,Sachsen
01259,Dresden,Sachsen
01277,Dresden,Sachsen
01279,Dresden,Sachsen
01307,Dresden,Sachsen
01309,Dresden,Sachsen
01324,Dresden,Sachsen
01326,Dresden,Sachsen
01328,Dresden,Sachsen
01445,Dresden,Sachsen
01465,Dresden,Sachsen
03042,Cottbus,Brandenburg
03044,Cottbus,Brandenburg
03046,Cottbus,Brandenburg
03048,Cottbus,Brandenburg
03050,Cottbus,Brandenburg
03051,Cottbus,Brandenburg
03052,Cottbus,Brandenburg
03053,Cottbus,Brandenburg
03054,Cottbus,Brandenburg
03055,Cottbus,Brandenburg
04103,Leipzig,Sachsen
04105,Leipzig,Sachsen
04107,Leipzig,Sachsen
04109,Leipzig,Sachsen
04129,Leipzig,Sachsen
04155,Leipzig,Sachsen
04157,Leipzig,Sachsen
04158,Leipzig,Sachsen
04159,Leipzig,Sachsen
04177,Leipzig,Sachsen
04178,Leipzig,Sachsen
04179,Leipzig,Sachsen
04205,Leipzig,Sachsen
04207,Leipzig,Sachsen
04209,Leipzig,Sachsen
04229,Leipzig,Sachsen
04249,Leipzig,Sachsen
04275,Leipzig,Sachsen
04277,Leipzig,Sachsen
04279,Leipzig,Sachsen
04288,Leipzig,Sachsen
04289,Leipzig,Sachsen
04299,Leipzig,Sachsen
04315,Leipzig,Sachsen
04316,Leipzig,Sachsen
04317,Leipzig,Sachsen
04318,Leipzig,Sachsen
04319,Leipzig,Sachsen
04328,Leipzig,Sachsen
04329,Leipzig,Sachsen
04347,Leipzig,Sachsen
04349,Leipzig,Sachsen
04356,Leipzig,Sachsen
04357,Leipzig,Sachsen
06108,Halle (Saale),Sachsen-Anhalt
06110,Halle (Saale),Sachsen-Anhalt
06112,Halle (Saale),Sachsen-Anhalt
06114,Halle (Saale),Sachsen-Anhalt
06116,Halle (Saale),Sachsen-Anhalt
06118,Halle (Saale),Sachsen-Anhalt
06120,Halle (Saale),Sachsen-Anhalt
06122,Halle (Saale),Sachsen-Anhalt
06124,Halle (Saale),Sachsen-Anhalt
06126,Halle (Saale),Sachsen-Anhalt
06128,Halle (Saale),Sachsen-Anhalt
06130,Halle (Saale),Sachsen-Anhalt
06132,Halle (Saale),Sachsen-Anhalt
06268,Querfurt,Thüringen
06772,Dessau-Roßlau,Sachsen-Anhalt
06842,Dessau-Roßlau,Sachsen-Anhalt
06844,Dessau-Roßlau,Sachsen-Anhalt
06846,Dessau-Roßlau,Sachsen-Anhalt
06847,Dessau-Roßlau,Sachsen-Anhalt
06849,Dessau-Roßlau,Sachsen-Anhalt
06861,Dessau-Roßlau,Sachsen-Anhalt
06862,Dessau-Roßlau,Sachsen-Anhalt
06886,Lutherstadt Wittenberg,Sachsen-Anhalt
06888,Lutherstadt Wittenberg,Sachsen-Anhalt
06889,Lutherstadt Wittenberg,Sachsen-Anhalt
06917,Jessen (Elster),Nordrhein-Westfalen
07545,Gera,Thüringen
07546,Gera,Thüringen
07548,Gera,Thüringen
07549,Gera,Thüringen
07551,Gera,Thüringen
07552,Gera,Thüringen
07554,Gera,Thüringen
07557,Gera,Thüringen
07589,Münchenbernsdorf,Bayern
07743,Jena,Thüringen
07745,Jena,Thüringen
07747,Jena,Thüringen
07749,Jena,Thüringen
07751,Jena,Thüringen
08056,Zwickau,Sachsen
08058,Zwickau,Sachsen
08060,Zwickau,Sachsen
08062,Zwickau,Sachsen
08064,Zwickau,Sachsen
08066,Zwickau,Sachsen
08132,Zwickau,Sachsen
08523,Plauen,Sachsen
08525,Plauen,Sachsen
08527,Plauen,Sachsen
08529,Plauen,Sachsen
08541,Plauen,Sachsen
08547,Plauen,Sachsen
09111,Chemnitz,Sachsen
09112,Chemnitz,Sachsen
09113,Chemnitz,Sachsen
09114,Chemnitz,Sachsen
09116,Chemnitz,Sachsen
09117,Chemnitz,Sachsen
09119,Chemnitz,Sachsen
09120,Chemnitz,Sachsen
09122,Chemnitz,Sachsen
09123,Chemnitz,Sachsen
09125,Chemnitz,Sachsen
09126,Chemnitz,Sachsen
09127,Chemnitz,Sachsen
09128,Chemnitz,Sachsen
09130,Chemnitz,Sachsen
09131,Chemnitz,Sachsen
09224,Chemnitz,Sachsen
09228,Chemnitz,Sachsen
09247,Chemnitz,Sachsen
09619,Dorfchemnitz,Sachsen
10115,Berlin,Berlin
10117,Berlin,Berlin
10119,Berlin,Berlin
10178,Berlin,Berlin
10179,Berlin,Berlin
10243,Berlin,Berlin
10245,Berlin,Berlin
10247,Berlin,Berlin
10249,Berlin,Berlin
10315,Berlin,Berlin
10317,Berlin,Berlin
10318,Berlin,Berlin
10319,Berlin,Berlin
10365,Berlin,Berlin
10367,Berlin,Berlin
10369,Berlin,Berlin
10405,Berlin,Berlin
10407,Berlin,Berlin
10409,Berlin,Berlin
10435,Berlin,Berlin
10437,Berlin,Berlin
10439,Berlin,Berlin
10551,Berlin,Berlin
10553,Berlin,Berlin
10555,Berlin,Berlin
10557,Berlin,Berlin
10559,Berlin,Berlin
10585,Berlin,Berlin
10587,Berlin,Berlin
10589,Berlin,Berlin
10623,Berlin,Berlin
10625,Berlin,Berlin
10627,Berlin,Berlin
10629,Berlin,Berlin
10707,Berlin,Berlin
10709,Berlin,Berlin
10711,Berlin,Berlin
10713,Berlin,Berlin
10715,Berlin,Berlin
10717,Berlin,Berlin
10719,Berlin,Berlin
10777,Berlin,Berlin
10779,Berlin,Berlin
10781,Berlin,Berlin
10783,Berlin,Berlin
10785,Berlin,Berlin
10787,Berlin,Berlin
10789,Berlin,Berlin
10823,Berlin,Berlin
10825,Berlin,Berlin
14467,Potsdam,Brandenburg
14469,Potsdam,Brandenburg
14471,Potsdam,Brandenburg
14473,Potsdam,Brandenburg
14476,Potsdam,Brandenburg
14478,Potsdam,Brandenburg
14480,Potsdam,Brandenburg
14482,Potsdam,Brandenburg
14770,Brandenburg an der Havel,Brandenburg
14772,Brandenburg an der Havel,Brandenburg
14774,Brandenburg an der Havel,Brandenburg
14776,Brandenburg an der Havel,Brandenburg
15230,Frankfurt (Oder),Brandenburg
15232,Frankfurt (Oder),Brandenburg
15234,Frankfurt (Oder),Brandenburg
15236,Frankfurt (Oder),Brandenburg
15755,Schwerin,Mecklenburg-Vorpommern
17214,Alt Schwerin,Mecklenburg-Vorpommern
17489,Greifswald,Mecklenburg-Vorpommern
17491,Greifswald,Mecklenburg-Vorpommern
17493,Greifswald,Mecklenburg-Vorpommern
18055,Rostock,Mecklenburg-Vorpommern
18057,Rostock,Mecklenburg-Vorpommern
18059,Rostock,Mecklenburg-Vorpommern
18069,Rostock,Mecklenburg-Vorpommern
18106,Rostock,Mecklenburg-Vorpommern
18107,Rostock,Mecklenburg-Vorpommern
18109,Rostock,Mecklenburg-Vorpommern
18119,Rostock,Mecklenburg-Vorpommern
18146,Rostock,Mecklenburg-Vorpommern
18147,Rostock,Mecklenburg-Vorpommern
18181,Rostock,Mecklenburg-Vorpommern
18182,Rostock,Mecklenburg-Vorpommern
18435,Stralsund,Mecklenburg-Vorpommern
18437,Stralsund,Mecklenburg-Vorpommern
18439,Stralsund,Mecklenburg-Vorpommern
19053,Schwerin,Mecklenburg-Vorpommern
19055,Schwerin,Mecklenburg-Vorpommern
19057,Schwerin,Mecklenburg-Vorpommern
19059,Schwerin,Mecklenburg-Vorpommern
19061,Schwerin,Mecklenburg-Vorpommern
19063,Schwerin,Mecklenburg-Vorpommern
20095,Hamburg,Hamburg
20097,Hamburg,Hamburg
20099,Hamburg,Hamburg
20144,Hamburg,Hamburg
20146,Hamburg,Hamburg
20148,Hamburg,Hamburg
20149,Hamburg,Hamburg
20249,Hamburg,Hamburg
20251,Hamburg,Hamburg
20253,Hamburg,Hamburg
20255,Hamburg,Hamburg
20257,Hamburg,Hamburg
20259,Hamburg,Hamburg
20354,Hamburg,Hamburg
20355,Hamburg,Hamburg
20357,Hamburg,Hamburg
20359,Hamburg,Hamburg
20457,Hamburg,Hamburg
20459,Hamburg,Hamburg
20535,Hamburg,Hamburg
20537,Hamburg,Hamburg
20539,Hamburg,Hamburg
21029,Hamburg,Hamburg
21031,Hamburg,Hamburg
21033,Hamburg,Hamburg
21035,Hamburg,Hamburg
21037,Hamburg,Hamburg
21039,Hamburg,Hamburg
21073,Hamburg,Hamburg
21075,Hamburg,Hamburg
21077,Hamburg,Hamburg
21079,Hamburg,Hamburg
21107,Hamburg,Hamburg
21109,Hamburg,Hamburg
21129,Hamburg,Hamburg
21147,Hamburg,Hamburg
21149,Hamburg,Hamburg
21465,Wentorf bei Hamburg,Hamburg
21629,Neu Wulmstorf,Baden-Württemberg
22041,Hamburg,Hamburg
22043,Hamburg,Hamburg
22045,Hamburg,Hamburg
22047,Hamburg,Hamburg
22049,Hamburg,Hamburg
22081,Hamburg,Hamburg
22083,Hamburg,Hamburg
22085,Hamburg,Hamburg
22087,Hamburg,Hamburg
22089,Hamburg,Hamburg
22111,Hamburg,Hamburg
22113,Hamburg,Hamburg
23552,Lübeck,Schleswig-Holstein
23554,Lübeck,Schleswig-Holstein
23556,Lübeck,Schleswig-Holstein
23558,Lübeck,Schleswig-Holstein
23560,Lübeck,Schleswig-Holstein
23562,Lübeck,Schleswig-Holstein
23564,Lübeck,Schleswig-Holstein
23566,Lübeck,Schleswig-Holstein
23568,Lübeck,Schleswig-Holstein
23569,Lübeck,Schleswig-Holstein
23570,Lübeck,Schleswig-Holstein
23628,Lübeck,Schleswig-Holstein
23758,Oldenburg in Holstein,Niedersachsen
24103,Kiel,Schleswig-Holstein
24105,Kiel,Schleswig-Holstein
24106,Kiel,Schleswig-Holstein
24107,Kiel,Schleswig-Holstein
24109,Kiel,Schleswig-Holstein
24111,Kiel,Schleswig-Holstein
24113,Kiel,Schleswig-Holstein
24114,Kiel,Schleswig-Holstein
24116,Kiel,Schleswig-Holstein
24118,Kiel,Schleswig-Holstein
24143,Kiel,Schleswig-Holstein
24145,Kiel,Schleswig-Holstein
24146,Kiel,Schleswig-Holstein
24147,Kiel,Schleswig-Holstein
24148,Kiel,Schleswig-Holstein
24149,Kiel,Schleswig-Holstein
24159,Kiel,Schleswig-Holstein
24534,Neumünster,Nordrhein-Westfalen
24536,Neumünster,Nordrhein-Westfalen
24537,Neumünster,Nordrhein-Westfalen
24539,Neumünster,Nordrhein-Westfalen
24937,Flensburg,Schleswig-Holstein
24939,Flensburg,Schleswig-Holstein
24941,Flensburg,Schleswig-Holstein
24943,Flensburg,Schleswig-Holstein
24944,Flensburg,Schleswig-Holstein
25587,Münsterdorf,Nordrhein-Westfalen
26121,Oldenburg,Niedersachsen
26122,Oldenburg,Niedersachsen
26123,Oldenburg,Niedersachsen
26125,Oldenburg,Niedersachsen
26127,Oldenburg,Niedersachsen
26129,Oldenburg,Niedersachsen
26131,Oldenburg,Niedersachsen
26133,Oldenburg,Niedersachsen
26135,Oldenburg,Niedersachsen
26835,Schwerinsdorf,Mecklenburg-Vorpommern
27333,Schweringen,Mecklenburg-Vorpommern
27568,Bremen,Bremen
27570,Bremerhaven,Bremen
27572,Bremerhaven,Bremen
27574,Bremerhaven,Bremen
27576,Bremerhaven,Bremen
27578,Bremerhaven,Bremen
27580,Bremerhaven,Bremen
27798,Hude (Oldenburg),Niedersachsen
28195,Bremen,Bremen
28197,Bremen,Bremen
28199,Bremen,Bremen
28201,Bremen,Bremen
28203,Bremen,Bremen
28205,Bremen,Bremen
28207,Bremen,Bremen
28209,Bremen,Bremen
28211,Bremen,Bremen
28213,Bremen,Bremen
28215,Bremen,Bremen
28217,Bremen,Bremen
28219,Bremen,Bremen
28237,Bremen,Bremen
28239,Bremen,Bremen
28259,Bremen,Bremen
28277,Bremen,Bremen
28279,Bremen,Bremen
28307,Bremen,Bremen
28309,Bremen,Bremen
28325,Bremen,Bremen
28327,Bremen,Bremen
28329,Bremen,Bremen
28355,Bremen,Bremen
28357,Bremen,Bremen
28359,Bremen,Bremen
28717,Bremen,Bremen
28719,Bremen,Bremen
28755,Bremen,Bremen
28757,Bremen,Bremen
28759,Bremen,Bremen
28777,Bremen,Bremen
28779,Bremen,Bremen
30159,Hannover,Niedersachsen
30161,Hannover,Niedersachsen
30163,Hannover,Niedersachsen
30165,Hannover,Niedersachsen
30167,Hannover,Niedersachsen
30169,Hannover,Niedersachsen
30171,Hannover,Niedersachsen
30173,Hannover,Niedersachsen
30175,Hannover,Niedersachsen
30177,Hannover,Niedersachsen
30179,Hannover,Niedersachsen
30419,Hannover,Niedersachsen
30449,Hannover,Niedersachsen
30451,Hannover,Niedersachsen
30453,Hannover,Niedersachsen
30455,Hannover,Niedersachsen
30457,Hannover,Niedersachsen
30459,Hannover,Niedersachsen
30519,Hannover,Niedersachsen
30521,Hannover,Niedersachsen
30539,Hannover,Niedersachsen
30559,Hannover,Niedersachsen
30625,Hannover,Niedersachsen
30627,Hannover,Niedersachsen
30629,Hannover,Niedersachsen
30655,Hannover,Niedersachsen
30657,Hannover,Niedersachsen
30659,Hannover,Niedersachsen
31134,Hildesheim,Niedersachsen
31135,Hildesheim,Niedersachsen
31137,Hildesheim,Niedersachsen
31139,Hildesheim,Niedersachsen
31141,Hildesheim,Niedersachsen
31867,Messenkamp,Nordrhein-Westfalen
32361,Bad Essen,Nordrhein-Westfalen
33602,Bielefeld,Nordrhein-Westfalen
33604,Bielefeld,Nordrhein-Westfalen
33605,Bielefeld,Nordrhein-Westfalen
33607,Bielefeld,Nordrhein-Westfalen
33609,Bielefeld,Nordrhein-Westfalen
33611,Bielefeld,Nordrhein-Westfalen
33613,Bielefeld,Nordrhein-Westfalen
33615,Bielefeld,Nordrhein-Westfalen
33617,Bielefeld,Nordrhein-Westfalen
33619,Bielefeld,Nordrhein-Westfalen
33647,Bielefeld,Nordrhein-Westfalen
33649,Bielefeld,Nordrhein-Westfalen
33659,Bielefeld,Nordrhein-Westfalen
33689,Bielefeld,Nordrhein-Westfalen
33699,Bielefeld,Nordrhein-Westfalen
33719,Bielefeld,Nordrhein-Westfalen
33729,Bielefeld,Nordrhein-Westfalen
33739,Bielefeld,Nordrhein-Westfalen
34117,Kassel,Hessen
34119,Kassel,Hessen
34121,Kassel,Hessen
34123,Kassel,Hessen
34125,Kassel,Hessen
34127,Kassel,Hessen
34128,Kassel,Hessen
34130,Kassel,Hessen
34131,Kassel,Hessen
34132,Kassel,Hessen
34134,Kassel,Hessen
34439,Willebadessen,Nordrhein-Westfalen
34582,Borken (Hessen),Nordrhein-Westfalen
35037,Marburg,Hessen
35039,Marburg,Hessen
35041,Marburg,Hessen
35043,Marburg,Hessen
35083,Wetter (Hessen),Nordrhein-Westfalen
35096,Weimar (Lahn),Thüringen
35279,Neustadt (Hessen),Nordrhein-Westfalen
35789,Weilmünster,Nordrhein-Westfalen
36341,Lauterbach (Hessen),Nordrhein-Westfalen
37073,Göttingen,Niedersachsen
37075,Göttingen,Niedersachsen
37077,Göttingen,Niedersachsen
37079,Göttingen,Niedersachsen
37081,Göttingen,Niedersachsen
37083,Göttingen,Niedersachsen
37085,Göttingen,Niedersachsen
37431,Harz (Landkreis Göttingen),Niedersachsen
37445,Harz (Landkreis Göttingen),Niedersachsen
37520,Harz (Landkreis Göttingen),Niedersachsen
37696,Marienmünster,Nordrhein-Westfalen
38100,Braunschweig,Niedersachsen
38102,Braunschweig,Niedersachsen
38104,Braunschweig,Niedersachsen
38106,Braunschweig,Niedersachsen
38108,Braunschweig,Niedersachsen
38110,Braunschweig,Niedersachsen
38112,Braunschweig,Niedersachsen
38114,Braunschweig,Niedersachsen
38116,Braunschweig,Niedersachsen
38118,Braunschweig,Niedersachsen
38120,Braunschweig,Niedersachsen
38122,Braunschweig,Niedersachsen
38124,Braunschweig,Niedersachsen
38126,Braunschweig,Niedersachsen
38173,Evessen,Nordrhein-Westfalen
38440,Wolfsburg,Niedersachsen
38442,Wolfsburg,Niedersachsen
38444,Wolfsburg,Niedersachsen
38446,Wolfsburg,Niedersachsen
38448,Wolfsburg,Niedersachsen
39104,Magdeburg,Sachsen-Anhalt
39106,Magdeburg,Sachsen-Anhalt
39108,Magdeburg,Sachsen-Anhalt
39110,Magdeburg,Sachsen-Anhalt
39112,Magdeburg,Sachsen-Anhalt
39114,Magdeburg,Sachsen-Anhalt
39116,Magdeburg,Sachsen-Anhalt
39118,Magdeburg,Sachsen-Anhalt
39120,Magdeburg,Sachsen-Anhalt
39122,Magdeburg,Sachsen-Anhalt
39124,Magdeburg,Sachsen-Anhalt
39126,Magdeburg,Sachsen-Anhalt
39128,Magdeburg,Sachsen-Anhalt
39130,Magdeburg,Sachsen-Anhalt
40210,Düsseldorf,Nordrhein-Westfalen
40211,Düsseldorf,Nordrhein-Westfalen
40212,Düsseldorf,Nordrhein-Westfalen
40213,Düsseldorf,Nordrhein-Westfalen
40215,Düsseldorf,Nordrhein-Westfalen
40217,Düsseldorf,Nordrhein-Westfalen
40219,Düsseldorf,Nordrhein-Westfalen
40221,Düsseldorf,Nordrhein-Westfalen
40223,Düsseldorf,Nordrhein-Westfalen
40225,Düsseldorf,Nordrhein-Westfalen
40227,Düsseldorf,Nordrhein-Westfalen
40229,Düsseldorf,Nordrhein-Westfalen
40231,Düsseldorf,Nordrhein-Westfalen
40233,Düsseldorf,Nordrhein-Westfalen
40235,Düsseldorf,Nordrhein-Westfalen
40237,Düsseldorf,Nordrhein-Westfalen
40239,Düsseldorf,Nordrhein-Westfalen
40468,Düsseldorf,Nordrhein-Westfalen
40470,Düsseldorf,Nordrhein-Westfalen
40472,Düsseldorf,Nordrhein-Westfalen
40474,Düsseldorf,Nordrhein-Westfalen
40476,Düsseldorf,Nordrhein-Westfalen
40477,Düsseldorf,Nordrhein-Westfalen
40479,Düsseldorf,Nordrhein-Westfalen
40489,Düsseldorf,Nordrhein-Westfalen
40545,Düsseldorf,Nordrhein-Westfalen
40547,Düsseldorf,Nordrhein-Westfalen
40549,Düsseldorf,Nordrhein-Westfalen
40589,Düsseldorf,Nordrhein-Westfalen
40591,Düsseldorf,Nordrhein-Westfalen
40593,Düsseldorf,Nordrhein-Westfalen
40595,Düsseldorf,Nordrhein-Westfalen
40597,Düsseldorf,Nordrhein-Westfalen
40599,Düsseldorf,Nordrhein-Westfalen
40625,Düsseldorf,Nordrhein-Westfalen
40627,Düsseldorf,Nordrhein-Westfalen
40629,Düsseldorf,Nordrhein-Westfalen
42103,Wuppertal,Nordrhein-Westfalen
42105,Wuppertal,Nordrhein-Westfalen
42107,Wuppertal,Nordrhein-Westfalen
42109,Wuppertal,Nordrhein-Westfalen
42111,Wuppertal,Nordrhein-Westfalen
42113,Wuppertal,Nordrhein-Westfalen
42115,Wuppertal,Nordrhein-Westfalen
42117,Wuppertal,Nordrhein-Westfalen
42119,Wuppertal,Nordrhein-Westfalen
42275,Wuppertal,Nordrhein-Westfalen
42277,Wuppertal,Nordrhein-Westfalen
42279,Wuppertal,Nordrhein-Westfalen
42281,Wuppertal,Nordrhein-Westfalen
42283,Wuppertal,Nordrhein-Westfalen
42285,Wuppertal,Nordrhein-Westfalen
42287,Wuppertal,Nordrhein-Westfalen
42289,Wuppertal,Nordrhein-Westfalen
42327,Wuppertal,Nordrhein-Westfalen
42329,Wuppertal,Nordrhein-Westfalen
42349,Wuppertal,Nordrhein-Westfalen
42369,Wuppertal,Nordrhein-Westfalen
42389,Wuppertal,Nordrhein-Westfalen
42399,Wuppertal,Nordrhein-Westfalen
42857,Wuppertal,Nordrhein-Westfalen
44135,Dortmund,Nordrhein-Westfalen
44137,Dortmund,Nordrhein-Westfalen
44139,Dortmund,Nordrhein-Westfalen
44141,Dortmund,Nordrhein-Westfalen
44143,Dortmund,Nordrhein-Westfalen
44145,Dortmund,Nordrhein-Westfalen
44147,Dortmund,Nordrhein-Westfalen
44149,Dortmund,Nordrhein-Westfalen
44225,Dortmund,Nordrhein-Westfalen
44227,Dortmund,Nordrhein-Westfalen
44229,Dortmund,Nordrhein-Westfalen
44263,Dortmund,Nordrhein-Westfalen
44265,Dortmund,Nordrhein-Westfalen
44267,Dortmund,Nordrhein-Westfalen
44269,Dortmund,Nordrhein-Westfalen
44287,Dortmund,Nordrhein-Westfalen
44289,Dortmund,Nordrhein-Westfalen
44309,Dortmund,Nordrhein-Westfalen
44319,Dortmund,Nordrhein-Westfalen
44328,Dortmund,Nordrhein-Westfalen
44329,Dortmund,Nordrhein-Westfalen
44339,Dortmund,Nordrhein-Westfalen
44357,Dortmund,Nordrhein-Westfalen
44359,Dortmund,Nordrhein-Westfalen
44369,Dortmund,Nordrhein-Westfalen
44379,Dortmund,Nordrhein-Westfalen
44388,Dortmund,Nordrhein-Westfalen
44787,Bochum,Nordrhein-Westfalen
44789,Bochum,Nordrhein-Westfalen
44791,Bochum,Nordrhein-Westfalen
44793,Bochum,Nordrhein-Westfalen
44795,Bochum,Nordrhein-Westfalen
44797,Bochum,Nordrhein-Westfalen
44799,Bochum,Nordrhein-Westfalen
44801,Bochum,Nordrhein-Westfalen
44803,Bochum,Nordrhein-Westfalen
44805,Bochum,Nordrhein-Westfalen
44807,Bochum,Nordrhein-Westfalen
44809,Bochum,Nordrhein-Westfalen
44866,Bochum,Nordrhein-Westfalen
44867,Bochum,Nordrhein-Westfalen
44869,Bochum,Nordrhein-Westfalen
44879,Bochum,Nordrhein-Westfalen
44892,Bochum,Nordrhein-Westfalen
44894,Bochum,Nordrhein-Westfalen
45127,Essen,Nordrhein-Westfalen
45128,Essen,Nordrhein-Westfalen
45130,Essen,Nordrhein-Westfalen
45131,Essen,Nordrhein-Westfalen
45133,Essen,Nordrhein-Westfalen
45134,Essen,Nordrhein-Westfalen
45136,Essen,Nordrhein-Westfalen
45138,Essen,Nordrhein-Westfalen
45139,Essen,Nordrhein-Westfalen
45141,Essen,Nordrhein-Westfalen
45143,Essen,Nordrhein-Westfalen
45144,Essen,Nordrhein-Westfalen
45145,Essen,Nordrhein-Westfalen
45147,Essen,Nordrhein-Westfalen
45149,Essen,Nordrhein-Westfalen
45219,Essen,Nordrhein-Westfalen
45239,Essen,Nordrhein-Westfalen
45257,Essen,Nordrhein-Westfalen
45259,Essen,Nordrhein-Westfalen
45276,Essen,Nordrhein-Westfalen
45277,Essen,Nordrhein-Westfalen
45279,Essen,Nordrhein-Westfalen
45289,Essen,Nordrhein-Westfalen
45307,Essen,Nordrhein-Westfalen
45309,Essen,Nordrhein-Westfalen
45326,Essen,Nordrhein-Westfalen
45327,Essen,Nordrhein-Westfalen
45329,Essen,Nordrhein-Westfalen
45355,Essen,Nordrhein-Westfalen
45356,Essen,Nordrhein-Westfalen
45357,Essen,Nordrhein-Westfalen
45359,Essen,Nordrhein-Westfalen
47051,Duisburg,Nordrhein-Westfalen
47053,Duisburg,Nordrhein-Westfalen
47055,Duisburg,Nordrhein-Westfalen
47057,Duisburg,Nordrhein-Westfalen
47058,Duisburg,Nordrhein-Westfalen
47059,Duisburg,Nordrhein-Westfalen
47119,Duisburg,Nordrhein-Westfalen
47137,Duisburg,Nordrhein-Westfalen
47138,Duisburg,Nordrhein-Westfalen
47139,Duisburg,Nordrhein-Westfalen
47166,Duisburg,Nordrhein-Westfalen
47167,Duisburg,Nordrhein-Westfalen
47169,Duisburg,Nordrhein-Westfalen
47178,Duisburg,Nordrhein-Westfalen
47179,Duisburg,Nordrhein-Westfalen
47198,Duisburg,Nordrhein-Westfalen
47199,Duisburg,Nordrhein-Westfalen
47226,Duisburg,Nordrhein-Westfalen
47228,Duisburg,Nordrhein-Westfalen
47229,Duisburg,Nordrhein-Westfalen
47239,Duisburg,Nordrhein-Westfalen
47249,Duisburg,Nordrhein-Westfalen
47259,Duisburg,Nordrhein-Westfalen
47269,Duisburg,Nordrhein-Westfalen
47279,Duisburg,Nordrhein-Westfalen
48143,Münster,Nordrhein-Westfalen
48145,Münster,Nordrhein-Westfalen
48147,Münster,Nordrhein-Westfalen
48149,Münster,Nordrhein-Westfalen
48151,Münster,Nordrhein-Westfalen
48153,Münster,Nordrhein-Westfalen
48155,Münster,Nordrhein-Westfalen
48157,Münster,Nordrhein-Westfalen
48159,Münster,Nordrhein-Westfalen
48161,Münster,Nordrhein-Westfalen
48163,Münster,Nordrhein-Westfalen
48165,Münster,Nordrhein-Westfalen
48167,Münster,Nordrhein-Westfalen
48291,Münster,Nordrhein-Westfalen
49074,Osnabrück,Niedersachsen
49076,Osnabrück,Niedersachsen
49078,Osnabrück,Niedersachsen
49080,Osnabrück,Niedersachsen
49082,Osnabrück,Niedersachsen
49084,Osnabrück,Niedersachsen
49086,Osnabrück,Niedersachsen
49088,Osnabrück,Niedersachsen
49090,Osnabrück,Niedersachsen
49152,Bad Essen,Nordrhein-Westfalen
49632,Essen (Oldenburg),Niedersachsen
49692,Cappeln (Oldenburg),Niedersachsen
49699,Lindern (Oldenburg),Niedersachsen
50667,Köln,Nordrhein-Westfalen
50668,Köln,Nordrhein-Westfalen
50670,Köln,Nordrhein-Westfalen
50672,Köln,Nordrhein-Westfalen
50674,Köln,Nordrhein-Westfalen
50676,Köln,Nordrhein-Westfalen
50677,Köln,Nordrhein-Westfalen
50678,Köln,Nordrhein-Westfalen
50679,Köln,Nordrhein-Westfalen
50733,Köln,Nordrhein-Westfalen
50735,Köln,Nordrhein-Westfalen
50737,Köln,Nordrhein-Westfalen
50739,Köln,Nordrhein-Westfalen
50765,Köln,Nordrhein-Westfalen
50767,Köln,Nordrhein-Westfalen
50769,Köln,Nordrhein-Westfalen
50823,Köln,Nordrhein-Westfalen
50825,Köln,Nordrhein-Westfalen
50827,Köln,Nordrhein-Westfalen
50829,Köln,Nordrhein-Westfalen
50858,Köln,Nordrhein-Westfalen
50859,Köln,Nordrhein-Westfalen
50931,Köln,Nordrhein-Westfalen
50933,Köln,Nordrhein-Westfalen
50935,Köln,Nordrhein-Westfalen
50937,Köln,Nordrhein-Westfalen
50939,Köln,Nordrhein-Westfalen
50968,Köln,Nordrhein-Westfalen
50969,Köln,Nordrhein-Westfalen
50996,Köln,Nordrhein-Westfalen
50997,Köln,Nordrhein-Westfalen
50999,Köln,Nordrhein-Westfalen
51061,Köln,Nordrhein-Westfalen
51063,Köln,Nordrhein-Westfalen
51065,Köln,Nordrhein-Westfalen
51067,Köln,Nordrhein-Westfalen
51069,Köln,Nordrhein-Westfalen
51103,Köln,Nordrhein-Westfalen
51105,Köln,Nordrhein-Westfalen
51107,Köln,Nordrhein-Westfalen
51109,Köln,Nordrhein-Westfalen
51143,Köln,Nordrhein-Westfalen
51145,Köln,Nordrhein-Westfalen
51147,Köln,Nordrhein-Westfalen
51149,Köln,Nordrhein-Westfalen
51373,Köln,Nordrhein-Westfalen
51467,Köln,Nordrhein-Westfalen
52062,Aachen,Nordrhein-Westfalen
52064,Aachen,Nordrhein-Westfalen
52066,Aachen,Nordrhein-Westfalen
52068,Aachen,Nordrhein-Westfalen
52070,Aachen,Nordrhein-Westfalen
52072,Aachen,Nordrhein-Westfalen
52074,Aachen,Nordrhein-Westfalen
52076,Aachen,Nordrhein-Westfalen
52078,Aachen,Nordrhein-Westfalen
52080,Aachen,Nordrhein-Westfalen
53111,Bonn,Nordrhein-Westfalen
53113,Bonn,Nordrhein-Westfalen
53115,Bonn,Nordrhein-Westfalen
53117,Bonn,Nordrhein-Westfalen
53119,Bonn,Nordrhein-Westfalen
53121,Bonn,Nordrhein-Westfalen
53123,Bonn,Nordrhein-Westfalen
53125,Bonn,Nordrhein-Westfalen
53127,Bonn,Nordrhein-Westfalen
53129,Bonn,Nordrhein-Westfalen
53173,Bonn,Nordrhein-Westfalen
53175,Bonn,Nordrhein-Westfalen
53177,Bonn,Nordrhein-Westfalen
53179,Bonn,Nordrhein-Westfalen
53225,Bonn,Nordrhein-Westfalen
53227,Bonn,Nordrhein-Westfalen
53229,Bonn,Nordrhein-Westfalen
53520,Trierscheid,Rheinland-Pfalz
53819,Neunkirchen-Seelscheid,Saarland
53859,Niederkassel,Hessen
53902,Bad Münstereifel,Nordrhein-Westfalen
54290,Trier,Rheinland-Pfalz
54292,Trier,Rheinland-Pfalz
54293,Trier,Rheinland-Pfalz
54294,Trier,Rheinland-Pfalz
54295,Trier,Rheinland-Pfalz
54296,Trier,Rheinland-Pfalz
54311,Trierweiler,Rheinland-Pfalz
54426,Neunkirchen,Saarland
54518,Heckenmünster,Nordrhein-Westfalen
55116,Mainz,Rheinland-Pfalz
55118,Mainz,Rheinland-Pfalz
55120,Mainz,Rheinland-Pfalz
55122,Mainz,Rheinland-Pfalz
55124,Mainz,Rheinland-Pfalz
55126,Mainz,Rheinland-Pfalz
55127,Mainz,Rheinland-Pfalz
55128,Mainz,Rheinland-Pfalz
55129,Mainz,Rheinland-Pfalz
55130,Mainz,Rheinland-Pfalz
55131,Mainz,Rheinland-Pfalz
55246,Wiesbaden,Hessen
55252,Wiesbaden,Hessen
55270,Essenheim,Nordrhein-Westfalen
55424,Münster-Sarmsheim,Nordrhein-Westfalen
55743,Gerach,Thüringen
56068,Koblenz,Rheinland-Pfalz
56070,Koblenz,Rheinland-Pfalz
56072,Koblenz,Rheinland-Pfalz
56073,Koblenz,Rheinland-Pfalz
56075,Koblenz,Rheinland-Pfalz
56076,Koblenz,Rheinland-Pfalz
56077,Koblenz,Rheinland-Pfalz
56237,Sessenbach,Nordrhein-Westfalen
56244,Sessenhausen,Nordrhein-Westfalen
56294,Münstermaifeld,Nordrhein-Westfalen
56330,Koblenz,Rheinland-Pfalz
56479,Neunkirchen,Saarland
56766,Ulmen,Baden-Württemberg
57290,Neunkirchen,Saarland
57587,Birken-Honigsessen,Nordrhein-Westfalen
60310,Frankfurt am Main,Hessen
60311,Frankfurt am Main,Hessen
60313,Frankfurt am Main,Hessen
60314,Frankfurt am Main,Hessen
60316,Frankfurt am Main,Hessen
60318,Frankfurt am Main,Hessen
60320,Frankfurt am Main,Hessen
60322,Frankfurt am Main,Hessen
60323,Frankfurt am Main,Hessen
60325,Frankfurt am Main,Hessen
60326,Frankfurt am Main,Hessen
60327,Frankfurt am Main,Hessen
60329,Frankfurt am Main,Hessen
60385,Frankfurt am Main,Hessen
60386,Frankfurt am Main,Hessen
60388,Frankfurt am Main,Hessen
60389,Frankfurt am Main,Hessen
60431,Frankfurt am Main,Hessen
60433,Frankfurt am Main,Hessen
60435,Frankfurt am Main,Hessen
60437,Frankfurt am Main,Hessen
60438,Frankfurt am Main,Hessen
60439,Frankfurt am Main,Hessen
60486,Frankfurt am Main,Hessen
60487,Frankfurt am Main,Hessen
60488,Frankfurt am Main,Hessen
60489,Frankfurt am Main,Hessen
60528,Frankfurt am Main,Hessen
60529,Frankfurt am Main,Hessen
60549,Frankfurt am Main,Hessen
60594,Frankfurt am Main,Hessen
60596,Frankfurt am Main,Hessen
60598,Frankfurt am Main,Hessen
60599,Frankfurt am Main,Hessen
61169,Friedberg (Hessen),Nordrhein-Westfalen
61348,Bad Homburg vor der Höhe,Saarland
61350,Bad Homburg vor der Höhe,Saarland
61352,Bad Homburg vor der Höhe,Saarland
63065,Offenbach am Main,Hessen
63067,Offenbach am Main,Hessen
63069,Offenbach am Main,Hessen
63071,Offenbach am Main,Hessen
63073,Offenbach am Main,Hessen
63075,Offenbach am Main,Hessen
63628,Bad Soden-Salmünster,Nordrhein-Westfalen
63856,Bessenbach,Nordrhein-Westfalen
63930,Neunkirchen,Saarland
64283,Darmstadt,Hessen
64285,Darmstadt,Hessen
64287,Darmstadt,Hessen
64289,Darmstadt,Hessen
64291,Darmstadt,Hessen
64293,Darmstadt,Hessen
64295,Darmstadt,Hessen
64297,Darmstadt,Hessen
64521,Groß-Gerau,Thüringen
64839,Münster (Hessen),Nordrhein-Westfalen
65183,Wiesbaden,Hessen
65185,Wiesbaden,Hessen
65187,Wiesbaden,Hessen
65189,Wiesbaden,Hessen
65191,Wiesbaden,Hessen
65193,Wiesbaden,Hessen
65195,Wiesbaden,Hessen
65197,Wiesbaden,Hessen
65199,Wiesbaden,Hessen
65201,Wiesbaden,Hessen
65203,Wiesbaden,Hessen
65205,Wiesbaden,Hessen
65207,Wiesbaden,Hessen
65929,Frankfurt am Main,Hessen
65931,Frankfurt am Main,Hessen
65933,Frankfurt am Main,Hessen
65934,Frankfurt am Main,Hessen
65936,Frankfurt am Main,Hessen
66111,Saarbrücken,Saarland
66113,Saarbrücken,Saarland
66115,Saarbrücken,Saarland
66117,Saarbrücken,Saarland
66119,Saarbrücken,Saarland
66121,Saarbrücken,Saarland
66123,Saarbrücken,Saarland
66125,Saarbrücken,Saarland
66126,Saarbrücken,Saarland
66127,Saarbrücken,Saarland
66128,Saarbrücken,Saarland
66129,Saarbrücken,Saarland
66130,Saarbrücken,Saarland
66131,Saarbrücken,Saarland
66132,Saarbrücken,Saarland
66133,Saarbrücken,Saarland
66424,Homburg,Saarland
66538,Neunkirchen,Saarland
66539,Neunkirchen,Saarland
66540,Neunkirchen,Saarland
66887,Ulmet,Baden-Württemberg
67059,Ludwigshafen am Rhein,Rheinland-Pfalz
67061,Ludwigshafen am Rhein,Rheinland-Pfalz
67063,Ludwigshafen am Rhein,Rheinland-Pfalz
67065,Ludwigshafen am Rhein,Rheinland-Pfalz
67067,Ludwigshafen am Rhein,Rheinland-Pfalz
67069,Ludwigshafen am Rhein,Rheinland-Pfalz
67071,Ludwigshafen am Rhein,Rheinland-Pfalz
67822,Münsterappel,Nordrhein-Westfalen
69115,Heidelberg,Baden-Württemberg
69117,Heidelberg,Baden-Württemberg
69118,Heidelberg,Baden-Württemberg
69120,Heidelberg,Baden-Württemberg
69121,Heidelberg,Baden-Württemberg
69123,Heidelberg,Baden-Württemberg
69124,Heidelberg,Baden-Württemberg
69126,Heidelberg,Baden-Württemberg
69437,Neckargerach,Thüringen
70173,Stuttgart,Baden-Württemberg
70174,Stuttgart,Baden-Württemberg
70176,Stuttgart,Baden-Württemberg
70178,Stuttgart,Baden-Württemberg
70180,Stuttgart,Baden-Württemberg
70182,Stuttgart,Baden-Württemberg
70184,Stuttgart,Baden-Württemberg
70186,Stuttgart,Baden-Württemberg
70188,Stuttgart,Baden-Württemberg
70190,Stuttgart,Baden-Württemberg
70191,Stuttgart,Baden-Württemberg
70192,Stuttgart,Baden-Württemberg
70193,Stuttgart,Baden-Württemberg
70195,Stuttgart,Baden-Württemberg
70197,Stuttgart,Baden-Württemberg
70199,Stuttgart,Baden-Württemberg
70327,Stuttgart,Baden-Württemberg
70329,Stuttgart,Baden-Württemberg
70372,Stuttgart,Baden-Württemberg
70374,Stuttgart,Baden-Württemberg
70376,Stuttgart,Baden-Württemberg
70378,Stuttgart,Baden-Württemberg
70435,Stuttgart,Baden-Württemberg
70437,Stuttgart,Baden-Württemberg
70439,Stuttgart,Baden-Württemberg
70469,Stuttgart,Baden-Württemberg
70499,Stuttgart,Baden-Württemberg
70563,Stuttgart,Baden-Württemberg
70565,Stuttgart,Baden-Württemberg
70567,Stuttgart,Baden-Württemberg
70569,Stuttgart,Baden-Württemberg
70597,Stuttgart,Baden-Württemberg
70599,Stuttgart,Baden-Württemberg
70619,Stuttgart,Baden-Württemberg
70629,Stuttgart,Baden-Württemberg
74172,Neckarsulm,Baden-Württemberg
74182,Obersulm,Baden-Württemberg
74582,Gerabronn,Thüringen
74585,Gerabronn,Thüringen
74867,Neunkirchen,Saarland
76131,Karlsruhe,Baden-Württemberg
76133,Karlsruhe,Baden-Württemberg
76135,Karlsruhe,Baden-Württemberg
76137,Karlsruhe,Baden-Württemberg
76139,Karlsruhe,Baden-Württemberg
76149,Karlsruhe,Baden-Württemberg
76185,Karlsruhe,Baden-Württemberg
76187,Karlsruhe,Baden-Württemberg
76189,Karlsruhe,Baden-Württemberg
76199,Karlsruhe,Baden-Württemberg
76227,Karlsruhe,Baden-Württemberg
76228,Karlsruhe,Baden-Württemberg
76229,Karlsruhe,Baden-Württemberg
76889,Klingenmünster,Nordrhein-Westfalen
77836,Rheinmünster,Nordrhein-Westfalen
79098,Freiburg im Breisgau,Baden-Württemberg
79100,Freiburg im Breisgau,Baden-Württemberg
79102,Freiburg im Breisgau,Baden-Württemberg
79104,Freiburg im Breisgau,Baden-Württemberg
79106,Freiburg im Breisgau,Baden-Württemberg
79108,Freiburg im Breisgau,Baden-Württemberg
79110,Freiburg im Breisgau,Baden-Württemberg
79111,Freiburg im Breisgau,Baden-Württemberg
79112,Freiburg im Breisgau,Baden-Württemberg
79114,Freiburg im Breisgau,Baden-Württemberg
79115,Freiburg im Breisgau,Baden-Württemberg
79117,Freiburg im Breisgau,Baden-Württemberg
79244,Münstertal,Nordrhein-Westfalen
79848,Bonndorf im Schwarzwald,Nordrhein-Westfalen
80331,München,Bayern
80333,München,Bayern
80335,München,Bayern
80336,München,Bayern
80337,München,Bayern
80339,München,Bayern
80469,München,Bayern
80538,München,Bayern
80539,München,Bayern
80634,München,Bayern
80636,München,Bayern
80637,München,Bayern
80638,München,Bayern
80639,München,Bayern
80686,München,Bayern
80687,München,Bayern
80689,München,Bayern
80796,München,Bayern
80797,München,Bayern
80798,München,Bayern
80799,München,Bayern
80801,München,Bayern
80802,München,Bayern
80803,München,Bayern
80804,München,Bayern
80805,München,Bayern
80807,München,Bayern
80809,München,Bayern
80933,München,Bayern
80935,München,Bayern
80937,München,Bayern
80939,München,Bayern
80992,München,Bayern
80993,München,Bayern
80995,München,Bayern
80997,München,Bayern
80999,München,Bayern
81241,München,Bayern
81243,München,Bayern
81245,München,Bayern
81247,München,Bayern
81248,München,Bayern
81249,München,Bayern
81369,München,Bayern
81371,München,Bayern
81373,München,Bayern
81375,München,Bayern
81377,München,Bayern
81379,München,Bayern
84389,Postmünster,Nordrhein-Westfalen
84552,Geratskirchen,Thüringen
85049,Ingolstadt,Bayern
85051,Ingolstadt,Bayern
85053,Ingolstadt,Bayern
85055,Ingolstadt,Bayern
85057,Ingolstadt,Bayern
85126,Münchsmünster,Nordrhein-Westfalen
85250,Altomünster,Nordrhein-Westfalen
85304,Ilmmünster,Nordrhein-Westfalen
86150,Augsburg,Bayern
86152,Augsburg,Bayern
86153,Augsburg,Bayern
86154,Augsburg,Bayern
86156,Augsburg,Bayern
86157,Augsburg,Bayern
86159,Augsburg,Bayern
86161,Augsburg,Bayern
86163,Augsburg,Bayern
86165,Augsburg,Bayern
86167,Augsburg,Bayern
86169,Augsburg,Bayern
86179,Augsburg,Bayern
86199,Augsburg,Bayern
86316,Augsburg,Bayern
86450,Altenmünster,Nordrhein-Westfalen
86505,Münsterhausen,Nordrhein-Westfalen
86692,Münster,Nordrhein-Westfalen
89073,Ulm,Baden-Württemberg
89075,Ulm,Baden-Württemberg
89077,Ulm,Baden-Württemberg
89079,Ulm,Baden-Württemberg
89081,Ulm,Baden-Württemberg
89160,Ulm,Baden-Württemberg
89231,Neu-Ulm,Baden-Württemberg
89233,Neu-Ulm,Baden-Württemberg
90402,Nürnberg,Bayern
90403,Nürnberg,Bayern
90408,Nürnberg,Bayern
90409,Nürnberg,Bayern
90411,Nürnberg,Bayern
90419,Nürnberg,Bayern
90425,Nürnberg,Bayern
90427,Nürnberg,Bayern
90429,Nürnberg,Bayern
90431,Nürnberg,Bayern
90439,Nürnberg,Bayern
90441,Nürnberg,Bayern
90443,Nürnberg,Bayern
90449,Nürnberg,Bayern
90451,Nürnberg,Bayern
90453,Nürnberg,Bayern
90455,Nürnberg,Bayern
90459,Nürnberg,Bayern
90461,Nürnberg,Bayern
90469,Nürnberg,Bayern
90471,Nürnberg,Bayern
90473,Nürnberg,Bayern
90475,Nürnberg,Bayern
90478,Nürnberg,Bayern
90480,Nürnberg,Bayern
90482,Nürnberg,Bayern
90489,Nürnberg,Bayern
90491,Nürnberg,Bayern
90518,Altdorf bei Nürnberg,Bayern
90571,Schwaig bei Nürnberg,Bayern
91077,Neunkirchen am Brand,Saarland
91233,Neunkirchen a. Sand,Saarland
93047,Regensburg,Bayern
93049,Regensburg,Bayern
93051,Regensburg,Bayern
93053,Regensburg,Bayern
93055,Regensburg,Bayern
93057,Regensburg,Bayern
93059,Regensburg,Bayern
94094,Rotthalmünster,Nordrhein-Westfalen
95326,Kulmbach,Baden-Württemberg
95508,Kulmain,Baden-Württemberg
95514,Neustadt am Kulm,Baden-Württemberg
96161,Gerach,Thüringen
97070,Würzburg,Bayern
97072,Würzburg,Bayern
97074,Würzburg,Bayern
97076,Würzburg,Bayern
97078,Würzburg,Bayern
97080,Würzburg,Bayern
97082,Würzburg,Bayern
97084,Würzburg,Bayern
97262,Hausen bei Würzburg,Bayern
99084,Erfurt,Thüringen
99085,Erfurt,Thüringen
99086,Erfurt,Thüringen
99087,Erfurt,Thüringen
99089,Erfurt,Thüringen
99090,Erfurt,Thüringen
99091,Erfurt,Thüringen
99092,Erfurt,Thüringen
99094,Erfurt,Thüringen
99095,Erfurt,Thüringen
99096,Erfurt,Thüringen
99097,Erfurt,Thüringen
99098,Erfurt,Thüringen
99099,Erfurt,Thüringen
99330,Geratal,Thüringen
99331,Geratal,Thüringen
99423,Weimar,Thüringen
99425,Weimar,Thüringen
99427,Weimar,Thüringen
99428,Weimar,Thüringen
